,分拣中心,日期,货量
0,SC30,2023-11-30,4010.4183219950046
1,SC30,2023-12-01,4030.7404880233894
2,SC30,2023-12-02,4042.138298139414
3,SC30,2023-12-03,4053.5361082554386
4,SC30,2023-12-04,4064.9339183714633
5,SC30,2023-12-05,4076.331728487488
6,SC30,2023-12-06,4087.7295386035125
7,SC30,2023-12-07,4099.127348719537
8,SC30,2023-12-08,4110.525158835561
9,SC30,2023-12-09,4121.922968951586
10,SC30,2023-12-10,4133.320779067611
11,SC30,2023-12-11,4144.718589183635
12,SC30,2023-12-12,4156.11639929966
13,SC30,2023-12-13,4167.5142094156845
14,SC30,2023-12-14,4178.912019531709
15,SC30,2023-12-15,4190.309829647734
16,SC30,2023-12-16,4201.707639763758
17,SC30,2023-12-17,4213.105449879783
18,SC30,2023-12-18,4224.503259995808
19,SC30,2023-12-19,4235.901070111832
20,SC30,2023-12-20,4247.298880227857
21,SC30,2023-12-21,4258.6966903438815
22,SC30,2023-12-22,4270.094500459906
23,SC30,2023-12-23,4281.492310575931
24,SC30,2023-12-24,4292.890120691955
25,SC30,2023-12-25,4304.28793080798
26,SC30,2023-12-26,4315.685740924005
27,SC30,2023-12-27,4327.083551040029
28,SC30,2023-12-28,4338.481361156054
29,SC30,2023-12-29,4349.879171272079
30,SC41,2023-11-30,1818.420083067587
31,SC41,2023-12-01,1936.2281483271368
32,SC41,2023-12-02,1993.4789340895065
33,SC41,2023-12-03,2021.3009041998516
34,SC41,2023-12-04,2034.821452617018
35,SC41,2023-12-05,2041.3919876573443
36,SC41,2023-12-06,2044.5850482776773
37,SC41,2023-12-07,2046.1367691135827
38,SC41,2023-12-08,2046.890853623363
39,SC41,2023-12-09,2047.2573135140424
40,SC41,2023-12-10,2047.4354007837514
41,SC41,2023-12-11,2047.5219452499784
42,SC41,2023-12-12,2047.5640029705933
43,SC41,2023-12-13,2047.5844416183827
44,SC41,2023-12-14,2047.5943741187025
45,SC41,2023-12-15,2047.5992009821828
46,SC41,2023-12-16,2047.6015466766512
47,SC41,2023-12-17,2047.6026866058332
48,SC41,2023-12-18,2047.6032405733501
49,SC41,2023-12-19,2047.6035097830647
50,SC41,2023-12-20,2047.6036406099963
51,SC41,2023-12-21,2047.6037041875165
52,SC41,2023-12-22,2047.6037350840684
53,SC41,2023-12-23,2047.6037500987607
54,SC41,2023-12-24,2047.6037573953997
55,SC41,2023-12-25,2047.6037609413227
56,SC41,2023-12-26,2047.603762664523
57,SC41,2023-12-27,2047.6037635019406
58,SC41,2023-12-28,2047.6037639088977
59,SC41,2023-12-29,2047.6037641066653
60,SC60,2023-11-30,61938.071316978145
61,SC60,2023-12-01,62193.94151280723
62,SC60,2023-12-02,62415.93141436179
63,SC60,2023-12-03,62627.47928004046
64,SC60,2023-12-04,62839.027145719134
65,SC60,2023-12-05,63050.57501139781
66,SC60,2023-12-06,63262.12287707648
67,SC60,2023-12-07,63473.67074275515
68,SC60,2023-12-08,63685.218608433825
69,SC60,2023-12-09,63896.7664741125
70,SC60,2023-12-10,64108.31433979117
71,SC60,2023-12-11,64319.86220546984
72,SC60,2023-12-12,64531.410071148515
73,SC60,2023-12-13,64742.95793682719
74,SC60,2023-12-14,64954.50580250586
75,SC60,2023-12-15,65166.05366818453
76,SC60,2023-12-16,65377.601533863206
77,SC60,2023-12-17,65589.14939954189
78,SC60,2023-12-18,65800.69726522056
79,SC60,2023-12-19,66012.24513089923
80,SC60,2023-12-20,66223.7929965779
81,SC60,2023-12-21,66435.34086225658
82,SC60,2023-12-22,66646.88872793525
83,SC60,2023-12-23,66858.43659361392
84,SC60,2023-12-24,67069.9844592926
85,SC60,2023-12-25,67281.53232497127
86,SC60,2023-12-26,67493.08019064994
87,SC60,2023-12-27,67704.62805632861
88,SC60,2023-12-28,67916.17592200729
89,SC60,2023-12-29,68127.72378768596
90,SC10,2023-11-30,40095.346557325785
91,SC10,2023-12-01,41160.776306347914
92,SC10,2023-12-02,42062.14730946996
93,SC10,2023-12-03,42675.49187148539
94,SC10,2023-12-04,43059.70986363644
95,SC10,2023-12-05,43313.1828974456
96,SC10,2023-12-06,43513.237832198116
97,SC10,2023-12-07,43703.614188123516
98,SC10,2023-12-08,43901.9617989605
99,SC10,2023-12-09,44111.30185537539
100,SC10,2023-12-10,44328.82709047533
101,SC10,2023-12-11,44550.792962372616
102,SC10,2023-12-12,44774.4412726354
103,SC10,2023-12-13,44998.28884307202
104,SC10,2023-12-14,45221.781698759834
105,SC10,2023-12-15,45444.86110346756
106,SC10,2023-12-16,45667.650602873255
107,SC10,2023-12-17,45890.29071145146
108,SC10,2023-12-18,46112.87897662012
109,SC10,2023-12-19,46335.46520866995
110,SC10,2023-12-20,46558.06640340854
111,SC10,2023-12-21,46780.68295403129
112,SC10,2023-12-22,47003.3096869699
113,SC10,2023-12-23,47225.94139403907
114,SC10,2023-12-24,47448.57465404905
115,SC10,2023-12-25,47671.20781165968
116,SC10,2023-12-26,47893.840360738075
117,SC10,2023-12-27,48116.47234583786
118,SC10,2023-12-28,48339.10397626784
119,SC10,2023-12-29,48561.735442959434
120,SC12,2023-11-30,1531.2684195320412
121,SC12,2023-12-01,2881.5261489338022
122,SC12,2023-12-02,5055.597244157474
123,SC12,2023-12-03,5507.91167294676
124,SC12,2023-12-04,5574.431465410449
125,SC12,2023-12-05,5646.120620305945
126,SC12,2023-12-06,5723.1661542678075
127,SC12,2023-12-07,5530.521446802074
128,SC12,2023-12-08,5738.372424849567
129,SC12,2023-12-09,5588.507476497607
130,SC12,2023-12-10,5089.844561785067
131,SC12,2023-12-11,5087.855200811479
132,SC12,2023-12-12,5569.851727592953
133,SC12,2023-12-13,5692.96058225329
134,SC12,2023-12-14,5766.011646445159
135,SC12,2023-12-15,5831.376916090351
136,SC12,2023-12-16,5770.640054466138
137,SC12,2023-12-17,5816.99673710511
138,SC12,2023-12-18,5852.153602303667
139,SC12,2023-12-19,5808.449921355748
140,SC12,2023-12-20,5742.15793865505
141,SC12,2023-12-21,5724.498627497148
142,SC12,2023-12-22,5744.434744701305
143,SC12,2023-12-23,5774.349109684249
144,SC12,2023-12-24,5799.783197704923
145,SC12,2023-12-25,5819.4734595972595
146,SC12,2023-12-26,5836.787483152494
147,SC12,2023-12-27,5854.241783499689
148,SC12,2023-12-28,5872.471852244232
149,SC12,2023-12-29,5891.157080260029
150,SC21,2023-11-30,1736.6218470660656
151,SC21,2023-12-01,1650.712712157911
152,SC21,2023-12-02,1523.5556839348508
153,SC21,2023-12-03,1655.5400342392118
154,SC21,2023-12-04,2225.758691882747
155,SC21,2023-12-05,2029.2752734066307
156,SC21,2023-12-06,2071.5705896887607
157,SC21,2023-12-07,2229.9022259169774
158,SC21,2023-12-08,2517.1915599736603
159,SC21,2023-12-09,2356.5223919151
160,SC21,2023-12-10,1577.600335739366
161,SC21,2023-12-11,1997.5590080418733
162,SC21,2023-12-12,1942.066405586969
163,SC21,2023-12-13,2061.2887944458034
164,SC21,2023-12-14,2215.359649766503
165,SC21,2023-12-15,2425.514676354243
166,SC21,2023-12-16,2301.8247722560027
167,SC21,2023-12-17,2366.4766469151673
168,SC21,2023-12-18,2462.5362107115106
169,SC21,2023-12-19,2218.119544354891
170,SC21,2023-12-20,1501.986191391226
171,SC21,2023-12-21,1673.2898058793216
172,SC21,2023-12-22,1995.6697230263078
173,SC21,2023-12-23,2023.775863540759
174,SC21,2023-12-24,2345.390365257197
175,SC21,2023-12-25,2541.431705867355
176,SC21,2023-12-26,2476.802983244659
177,SC21,2023-12-27,2580.918703446544
178,SC21,2023-12-28,2637.578216452828
179,SC21,2023-12-29,2657.542399310349
180,SC28,2023-11-30,1037.1836621544373
181,SC28,2023-12-01,1066.162465770976
182,SC28,2023-12-02,1041.0945438479152
183,SC28,2023-12-03,1047.049197633877
184,SC28,2023-12-04,1053.0038514198386
185,SC28,2023-12-05,1058.9585052058003
186,SC28,2023-12-06,1064.913158991762
187,SC28,2023-12-07,1070.8678127777237
188,SC28,2023-12-08,1076.8224665636853
189,SC28,2023-12-09,1082.777120349647
190,SC28,2023-12-10,1088.7317741356087
191,SC28,2023-12-11,1094.6864279215704
192,SC28,2023-12-12,1100.641081707532
193,SC28,2023-12-13,1106.5957354934937
194,SC28,2023-12-14,1112.5503892794554
195,SC28,2023-12-15,1118.505043065417
196,SC28,2023-12-16,1124.4596968513788
197,SC28,2023-12-17,1130.4143506373405
198,SC28,2023-12-18,1136.3690044233022
199,SC28,2023-12-19,1142.3236582092638
200,SC28,2023-12-20,1148.2783119952255
201,SC28,2023-12-21,1154.2329657811872
202,SC28,2023-12-22,1160.1876195671489
203,SC28,2023-12-23,1166.1422733531106
204,SC28,2023-12-24,1172.0969271390722
205,SC28,2023-12-25,1178.051580925034
206,SC28,2023-12-26,1184.0062347109956
207,SC28,2023-12-27,1189.9608884969573
208,SC28,2023-12-28,1195.915542282919
209,SC28,2023-12-29,1201.8701960688807
210,SC9,2023-11-30,27826.6739894219
211,SC9,2023-12-01,28257.919072106688
212,SC9,2023-12-02,28490.467597472096
213,SC9,2023-12-03,28655.684799260325
214,SC9,2023-12-04,28798.085767109646
215,SC9,2023-12-05,28932.75511015943
216,SC9,2023-12-06,29064.80447560025
217,SC9,2023-12-07,29195.966022135024
218,SC9,2023-12-08,29326.826717850603
219,SC9,2023-12-09,29457.585465731107
220,SC9,2023-12-10,29588.309667050944
221,SC9,2023-12-11,29719.02216174795
222,SC9,2023-12-12,29849.730689479347
223,SC9,2023-12-13,29980.437872944647
224,SC9,2023-12-14,30111.144600885116
225,SC9,2023-12-15,30241.851174464133
226,SC9,2023-12-16,30372.557695735442
227,SC9,2023-12-17,30503.264199281497
228,SC9,2023-12-18,30633.97069682108
229,SC9,2023-12-19,30764.67719232528
230,SC9,2023-12-20,30895.383687139765
231,SC9,2023-12-21,31026.090181720527
232,SC9,2023-12-22,31156.796676222086
233,SC9,2023-12-23,31287.503170696808
234,SC9,2023-12-24,31418.209665162434
235,SC9,2023-12-25,31548.91615962498
236,SC9,2023-12-26,31679.62265408648
237,SC9,2023-12-27,31810.32914854763
238,SC9,2023-12-28,31941.035643008658
239,SC9,2023-12-29,32071.742137469642
240,SC66,2023-11-30,741.048250551499
241,SC66,2023-12-01,736.031616848203
242,SC66,2023-12-02,733.88941801474
243,SC66,2023-12-03,732.4394936423965
244,SC66,2023-12-04,731.1562955836488
245,SC66,2023-12-05,729.9132516331434
246,SC66,2023-12-06,728.6798783361419
247,SC66,2023-12-07,727.4488341044162
248,SC66,2023-12-08,726.2183508011796
249,SC66,2023-12-09,724.9880025910952
250,SC66,2023-12-10,723.7576869166373
251,SC66,2023-12-11,722.5273790780096
252,SC66,2023-12-12,721.2970731265511
253,SC66,2023-12-13,720.0667676295956
254,SC66,2023-12-14,718.8364622421018
255,SC66,2023-12-15,717.6061568809706
256,SC66,2023-12-16,716.3758515261885
257,SC66,2023-12-17,715.1455461729355
258,SC66,2023-12-18,713.9152408200508
259,SC66,2023-12-19,712.6849354672548
260,SC66,2023-12-20,711.4546301144802
261,SC66,2023-12-21,710.2243247617107
262,SC66,2023-12-22,708.9940194089424
263,SC66,2023-12-23,707.7637140561745
264,SC66,2023-12-24,706.5334087034066
265,SC66,2023-12-25,705.3031033506387
266,SC66,2023-12-26,704.0727979978708
267,SC66,2023-12-27,702.8424926451029
268,SC66,2023-12-28,701.612187292335
269,SC66,2023-12-29,700.381881939567
270,SC39,2023-11-30,2415.648294609853
271,SC39,2023-12-01,2581.8060724494617
272,SC39,2023-12-02,2598.8472927487255
273,SC39,2023-12-03,2623.9245630405553
274,SC39,2023-12-04,2635.408851481079
275,SC39,2023-12-05,2653.9095849949126
276,SC39,2023-12-06,2661.5481674439884
277,SC39,2023-12-07,2675.2495882062885
278,SC39,2023-12-08,2680.242346075535
279,SC39,2023-12-09,2690.4312899344686
280,SC39,2023-12-10,2693.6169970503997
281,SC39,2023-12-11,2701.227115115353
282,SC39,2023-12-12,2703.189966928659
283,SC39,2023-12-13,2708.900195320928
284,SC39,2023-12-14,2710.045271649835
285,SC39,2023-12-15,2714.350564910913
286,SC39,2023-12-16,2714.9572242362856
287,SC39,2023-12-17,2718.2194161686207
288,SC39,2023-12-18,2718.479024022439
289,SC39,2023-12-19,2720.9634410319345
290,SC39,2023-12-20,2721.005986345088
291,SC39,2023-12-21,2722.9078386119854
292,SC39,2023-12-22,2722.820675460407
293,SC39,2023-12-23,2724.2841078249794
294,SC39,2023-12-24,2724.125122865554
295,SC39,2023-12-25,2725.256989785282
296,SC39,2023-12-26,2725.0638287518027
297,SC39,2023-12-27,2725.9436729782083
298,SC39,2023-12-28,2725.7401851766117
299,SC39,2023-12-29,2726.427481447152
300,SC37,2023-11-30,821.64577847878
301,SC37,2023-12-01,837.2366496335695
302,SC37,2023-12-02,823.02837075122
303,SC37,2023-12-03,808.7045925949903
304,SC37,2023-12-04,935.8211329907165
305,SC37,2023-12-05,856.2791520646283
306,SC37,2023-12-06,789.6098736407087
307,SC37,2023-12-07,794.9572041694321
308,SC37,2023-12-08,793.1723925063989
309,SC37,2023-12-09,798.0372043205125
310,SC37,2023-12-10,798.5236567425821
311,SC37,2023-12-11,798.6858128321774
312,SC37,2023-12-12,841.1737706715633
313,SC37,2023-12-13,789.9287489623002
314,SC37,2023-12-14,959.3940875594658
315,SC37,2023-12-15,843.6062867044103
316,SC37,2023-12-16,816.6864338446443
317,SC37,2023-12-17,907.8247308488897
318,SC37,2023-12-18,855.6067030265748
319,SC37,2023-12-19,857.2283809091527
320,SC37,2023-12-20,829.926749159651
321,SC37,2023-12-21,832.4550862519716
322,SC37,2023-12-22,830.1509610905415
323,SC37,2023-12-23,827.8281056673206
324,SC37,2023-12-24,848.4423138754272
325,SC37,2023-12-25,835.5431667542807
326,SC37,2023-12-26,824.7315573269279
327,SC37,2023-12-27,825.5987220919027
328,SC37,2023-12-28,825.3092831320357
329,SC37,2023-12-29,826.0981989042648
330,SC5,2023-11-30,21501.012350024634
331,SC5,2023-12-01,21987.257204754085
332,SC5,2023-12-02,22054.488717217686
333,SC5,2023-12-03,22121.720229681287
334,SC5,2023-12-04,22188.951742144887
335,SC5,2023-12-05,22256.183254608488
336,SC5,2023-12-06,22323.41476707209
337,SC5,2023-12-07,22390.64627953569
338,SC5,2023-12-08,22457.87779199929
339,SC5,2023-12-09,22525.10930446289
340,SC5,2023-12-10,22592.34081692649
341,SC5,2023-12-11,22659.572329390092
342,SC5,2023-12-12,22726.803841853693
343,SC5,2023-12-13,22794.035354317293
344,SC5,2023-12-14,22861.266866780894
345,SC5,2023-12-15,22928.498379244495
346,SC5,2023-12-16,22995.729891708095
347,SC5,2023-12-17,23062.961404171696
348,SC5,2023-12-18,23130.192916635297
349,SC5,2023-12-19,23197.424429098897
350,SC5,2023-12-20,23264.655941562498
351,SC5,2023-12-21,23331.8874540261
352,SC5,2023-12-22,23399.1189664897
353,SC5,2023-12-23,23466.3504789533
354,SC5,2023-12-24,23533.5819914169
355,SC5,2023-12-25,23600.8135038805
356,SC5,2023-12-26,23668.045016344102
357,SC5,2023-12-27,23735.276528807703
358,SC5,2023-12-28,23802.508041271303
359,SC5,2023-12-29,23869.739553734904
360,SC23,2023-11-30,3103.481255500737
361,SC23,2023-12-01,3584.9992532316505
362,SC23,2023-12-02,3953.4712850499623
363,SC23,2023-12-03,4152.260363262351
364,SC23,2023-12-04,4119.909963012136
365,SC23,2023-12-05,4164.942716524905
366,SC23,2023-12-06,4076.137782835665
367,SC23,2023-12-07,4180.32645482928
368,SC23,2023-12-08,4267.3253502997895
369,SC23,2023-12-09,4226.874365406906
370,SC23,2023-12-10,4160.958073939854
371,SC23,2023-12-11,4338.171925621451
372,SC23,2023-12-12,4388.466248510842
373,SC23,2023-12-13,4414.515886158013
374,SC23,2023-12-14,4439.681596845253
375,SC23,2023-12-15,4503.0471493714
376,SC23,2023-12-16,4486.638374525662
377,SC23,2023-12-17,4552.915320428845
378,SC23,2023-12-18,4551.872681688578
379,SC23,2023-12-19,4462.688162612957
380,SC23,2023-12-20,4466.806032860256
381,SC23,2023-12-21,4532.505045133624
382,SC23,2023-12-22,4556.049517838581
383,SC23,2023-12-23,4575.317529511597
384,SC23,2023-12-24,4598.516601391463
385,SC23,2023-12-25,4618.102116586384
386,SC23,2023-12-26,4641.009329040624
387,SC23,2023-12-27,4660.863130784985
388,SC23,2023-12-28,4683.523725634001
389,SC23,2023-12-29,4703.604226194734
390,SC36,2023-11-30,758.8381605593637
391,SC36,2023-12-01,741.2782959151151
392,SC36,2023-12-02,730.7045854688992
393,SC36,2023-12-03,724.3376028716251
394,SC36,2023-12-04,720.5037105402442
395,SC36,2023-12-05,718.1951239870291
396,SC36,2023-12-06,716.8050036046536
397,SC36,2023-12-07,715.9679396120541
398,SC36,2023-12-08,715.4638997198332
399,SC36,2023-12-09,715.1603910093927
400,SC36,2023-12-10,714.9776325834526
401,SC36,2023-12-11,714.8675842022923
402,SC36,2023-12-12,714.8013183317381
403,SC36,2023-12-13,714.7614161945689
404,SC36,2023-12-14,714.7373890364353
405,SC36,2023-12-15,714.7229210312372
406,SC36,2023-12-16,714.7142090906387
407,SC36,2023-12-17,714.708963176779
408,SC36,2023-12-18,714.7058043384108
409,SC36,2023-12-19,714.7039022370603
410,SC36,2023-12-20,714.7027568826213
411,SC36,2023-12-21,714.7020672049706
412,SC36,2023-12-22,714.7016519140826
413,SC36,2023-12-23,714.7014018457769
414,SC36,2023-12-24,714.7012512666062
415,SC36,2023-12-25,714.7011605950331
416,SC36,2023-12-26,714.7011059969494
417,SC36,2023-12-27,714.7010731205953
418,SC36,2023-12-28,714.7010533240276
419,SC36,2023-12-29,714.7010414034816
420,SC7,2023-11-30,33594.71310249575
421,SC7,2023-12-01,34065.85137224826
422,SC7,2023-12-02,34433.14090375674
423,SC7,2023-12-03,34427.04967046353
424,SC7,2023-12-04,34420.95843717032
425,SC7,2023-12-05,34414.867203877104
426,SC7,2023-12-06,34408.77597058389
427,SC7,2023-12-07,34402.68473729068
428,SC7,2023-12-08,34396.593503997465
429,SC7,2023-12-09,34390.50227070425
430,SC7,2023-12-10,34384.41103741104
431,SC7,2023-12-11,34378.319804117826
432,SC7,2023-12-12,34372.22857082461
433,SC7,2023-12-13,34366.1373375314
434,SC7,2023-12-14,34360.04610423819
435,SC7,2023-12-15,34353.954870944974
436,SC7,2023-12-16,34347.86363765176
437,SC7,2023-12-17,34341.77240435855
438,SC7,2023-12-18,34335.681171065335
439,SC7,2023-12-19,34329.58993777212
440,SC7,2023-12-20,34323.49870447891
441,SC7,2023-12-21,34317.407471185696
442,SC7,2023-12-22,34311.31623789248
443,SC7,2023-12-23,34305.22500459927
444,SC7,2023-12-24,34299.13377130606
445,SC7,2023-12-25,34293.04253801284
446,SC7,2023-12-26,34286.95130471963
447,SC7,2023-12-27,34280.86007142642
448,SC7,2023-12-28,34274.768838133205
449,SC7,2023-12-29,34268.67760483999
450,SC15,2023-11-30,5280.524001873017
451,SC15,2023-12-01,4771.1573579226115
452,SC15,2023-12-02,4591.181793175914
453,SC15,2023-12-03,4600.8876218502555
454,SC15,2023-12-04,4610.593450524597
455,SC15,2023-12-05,4620.299279198938
456,SC15,2023-12-06,4630.0051078732795
457,SC15,2023-12-07,4639.710936547621
458,SC15,2023-12-08,4649.416765221962
459,SC15,2023-12-09,4659.122593896303
460,SC15,2023-12-10,4668.828422570645
461,SC15,2023-12-11,4678.534251244986
462,SC15,2023-12-12,4688.240079919327
463,SC15,2023-12-13,4697.945908593669
464,SC15,2023-12-14,4707.65173726801
465,SC15,2023-12-15,4717.357565942351
466,SC15,2023-12-16,4727.063394616693
467,SC15,2023-12-17,4736.769223291034
468,SC15,2023-12-18,4746.475051965375
469,SC15,2023-12-19,4756.180880639717
470,SC15,2023-12-20,4765.886709314058
471,SC15,2023-12-21,4775.592537988399
472,SC15,2023-12-22,4785.298366662741
473,SC15,2023-12-23,4795.004195337082
474,SC15,2023-12-24,4804.710024011423
475,SC15,2023-12-25,4814.415852685765
476,SC15,2023-12-26,4824.121681360106
477,SC15,2023-12-27,4833.827510034447
478,SC15,2023-12-28,4843.5333387087885
479,SC15,2023-12-29,4853.23916738313
480,SC58,2023-11-30,837.9240198734349
481,SC58,2023-12-01,840.4890812265022
482,SC58,2023-12-02,845.7393684623196
483,SC58,2023-12-03,851.3828347313013
484,SC58,2023-12-04,854.536057932781
485,SC58,2023-12-05,856.7095463432124
486,SC58,2023-12-06,858.7750870967029
487,SC58,2023-12-07,860.3799641392678
488,SC58,2023-12-08,861.5050893099108
489,SC58,2023-12-09,862.3888852752001
490,SC58,2023-12-10,863.1009630933899
491,SC58,2023-12-11,863.6410832738336
492,SC58,2023-12-12,864.0508131457151
493,SC58,2023-12-13,864.3708756980204
494,SC58,2023-12-14,864.6192743697329
495,SC58,2023-12-15,864.8096250000959
496,SC58,2023-12-16,864.9563392322472
497,SC58,2023-12-17,865.0699765830207
498,SC58,2023-12-18,865.1576562054032
499,SC58,2023-12-19,865.225202982703
500,SC58,2023-12-20,865.2773536554823
501,SC58,2023-12-21,865.317628785693
502,SC58,2023-12-22,865.348697972901
503,SC58,2023-12-23,865.3726679223445
504,SC58,2023-12-24,865.3911703452529
505,SC58,2023-12-25,865.4054501048176
506,SC58,2023-12-26,865.4164685343904
507,SC58,2023-12-27,865.4249715272664
508,SC58,2023-12-28,865.4315338516702
509,SC58,2023-12-29,865.4365980493423
510,SC18,2023-11-30,6319.694754266913
511,SC18,2023-12-01,6359.242880025394
512,SC18,2023-12-02,6383.509077905252
513,SC18,2023-12-03,6398.398490443799
514,SC18,2023-12-04,6407.53443365339
515,SC18,2023-12-05,6413.140125490645
516,SC18,2023-12-06,6416.579702582289
517,SC18,2023-12-07,6418.690180809212
518,SC18,2023-12-08,6419.985141854607
519,SC18,2023-12-09,6420.77971252949
520,SC18,2023-12-10,6421.267250405343
521,SC18,2023-12-11,6421.566397086569
522,SC18,2023-12-12,6421.749949465412
523,SC18,2023-12-13,6421.862574735533
524,SC18,2023-12-14,6421.931680086004
525,SC18,2023-12-15,6421.974082199301
526,SC18,2023-12-16,6422.000099565536
527,SC18,2023-12-17,6422.0160634714175
528,SC18,2023-12-18,6422.025858709286
529,SC18,2023-12-19,6422.031868935455
530,SC18,2023-12-20,6422.035556729371
531,SC18,2023-12-21,6422.037819510101
532,SC18,2023-12-22,6422.039207921914
533,SC18,2023-12-23,6422.040059832721
534,SC18,2023-12-24,6422.040582553732
535,SC18,2023-12-25,6422.040903288311
536,SC18,2023-12-26,6422.041100086733
537,SC18,2023-12-27,6422.041220839597
538,SC18,2023-12-28,6422.041294931931
539,SC18,2023-12-29,6422.041340393989
540,SC16,2023-11-30,2389.6940004204484
541,SC16,2023-12-01,2400.0602456220927
542,SC16,2023-12-02,2404.7431331324415
543,SC16,2023-12-03,2409.9469792887116
544,SC16,2023-12-04,2415.150825444982
545,SC16,2023-12-05,2420.354671601252
546,SC16,2023-12-06,2425.558517757522
547,SC16,2023-12-07,2430.7623639137923
548,SC16,2023-12-08,2435.9662100700625
549,SC16,2023-12-09,2441.1700562263327
550,SC16,2023-12-10,2446.373902382603
551,SC16,2023-12-11,2451.577748538873
552,SC16,2023-12-12,2456.781594695143
553,SC16,2023-12-13,2461.9854408514134
554,SC16,2023-12-14,2467.1892870076836
555,SC16,2023-12-15,2472.3931331639537
556,SC16,2023-12-16,2477.596979320224
557,SC16,2023-12-17,2482.800825476494
558,SC16,2023-12-18,2488.0046716327643
559,SC16,2023-12-19,2493.2085177890344
560,SC16,2023-12-20,2498.4123639453046
561,SC16,2023-12-21,2503.616210101575
562,SC16,2023-12-22,2508.820056257845
563,SC16,2023-12-23,2514.023902414115
564,SC16,2023-12-24,2519.2277485703853
565,SC16,2023-12-25,2524.4315947266555
566,SC16,2023-12-26,2529.6354408829256
567,SC16,2023-12-27,2534.839287039196
568,SC16,2023-12-28,2540.043133195466
569,SC16,2023-12-29,2545.246979351736
570,SC27,2023-11-30,2383.5157651566524
571,SC27,2023-12-01,3335.814148576922
572,SC27,2023-12-02,4055.1595996443093
573,SC27,2023-12-03,4355.024515672015
574,SC27,2023-12-04,4647.826724490764
575,SC27,2023-12-05,4568.903634839081
576,SC27,2023-12-06,4615.564002895408
577,SC27,2023-12-07,4716.657136946182
578,SC27,2023-12-08,4752.910952886352
579,SC27,2023-12-09,4649.475954800816
580,SC27,2023-12-10,4399.659526726537
581,SC27,2023-12-11,4583.441486326081
582,SC27,2023-12-12,4667.766993773798
583,SC27,2023-12-13,4666.555448541138
584,SC27,2023-12-14,4727.879962338428
585,SC27,2023-12-15,4702.1682195356625
586,SC27,2023-12-16,4657.183192433328
587,SC27,2023-12-17,4662.474984418527
588,SC27,2023-12-18,4646.197658603311
589,SC27,2023-12-19,4565.948713529693
590,SC27,2023-12-20,4544.835756325214
591,SC27,2023-12-21,4532.09823448936
592,SC27,2023-12-22,4524.4136424662
593,SC27,2023-12-23,4519.777500889886
594,SC27,2023-12-24,4516.980500261766
595,SC27,2023-12-25,4515.293059879515
596,SC27,2023-12-26,4514.275021122203
597,SC27,2023-12-27,4513.6608347353595
598,SC27,2023-12-28,4513.290293913534
599,SC27,2023-12-29,4513.0667453237575
600,SC1,2023-11-30,45185.00662579455
601,SC1,2023-12-01,45903.37945439919
602,SC1,2023-12-02,44668.45704914887
603,SC1,2023-12-03,46158.87652590553
604,SC1,2023-12-04,44993.61955430809
605,SC1,2023-12-05,46240.24755615749
606,SC1,2023-12-06,45335.034361027
607,SC1,2023-12-07,46340.55271327197
608,SC1,2023-12-08,45651.61684505526
609,SC1,2023-12-09,46464.81222962871
610,SC1,2023-12-10,45946.49739406299
611,SC1,2023-12-11,46608.42124384222
612,SC1,2023-12-12,46224.19953790481
613,SC1,2023-12-13,46767.26349738256
614,SC1,2023-12-14,46488.39761235834
615,SC1,2023-12-15,46938.0759051308
616,SC1,2023-12-16,46741.9854599981
617,SC1,2023-12-17,47118.293053503425
618,SC1,2023-12-18,46987.23710576203
619,SC1,2023-12-19,47305.89926571423
620,SC1,2023-12-20,47225.93921515604
621,SC1,2023-12-21,47499.31087169285
622,SC1,2023-12-22,47459.49552573716
623,SC1,2023-12-23,47697.283623118754
624,SC1,2023-12-24,47689.00891732106
625,SC1,2023-12-25,47898.83994674245
626,SC1,2023-12-26,47915.34589362061
627,SC1,2023-12-27,48103.21178893298
628,SC1,2023-12-28,48139.187243847846
629,SC1,2023-12-29,48309.79571012245
630,SC46,2023-11-30,2884.728171554194
631,SC46,2023-12-01,2552.643031857467
632,SC46,2023-12-02,2491.3779322676323
633,SC46,2023-12-03,2445.2026192722574
634,SC46,2023-12-04,2410.400431003643
635,SC46,2023-12-05,2384.170131094135
636,SC46,2023-12-06,2364.4004364981424
637,SC46,2023-12-07,2349.5000798202864
638,SC46,2023-12-08,2338.269727826263
639,SC46,2023-12-09,2329.8054468270643
640,SC46,2023-12-10,2323.425944842485
641,SC46,2023-12-11,2318.6177342484484
642,SC46,2023-12-12,2314.993801036657
643,SC46,2023-12-13,2312.2624539655003
644,SC46,2023-12-14,2310.2038462630067
645,SC46,2023-12-15,2308.6522801081533
646,SC46,2023-12-16,2307.4828695740475
647,SC46,2023-12-17,2306.601488530126
648,SC46,2023-12-18,2305.9371944076365
649,SC46,2023-12-19,2305.436518015493
650,SC46,2023-12-20,2305.0591597924367
651,SC46,2023-12-21,2304.774746085813
652,SC46,2023-12-22,2304.560384369086
653,SC46,2023-12-23,2304.39882061696
654,SC46,2023-12-24,2304.2770505248022
655,SC46,2023-12-25,2304.1852727890846
656,SC46,2023-12-26,2304.116100198146
657,SC46,2023-12-27,2304.0639650337753
658,SC46,2023-12-28,2304.024670924258
659,SC46,2023-12-29,2303.995055077422
660,SC35,2023-11-30,29875.815453391326
661,SC35,2023-12-01,30682.7780130658
662,SC35,2023-12-02,31089.573910868028
663,SC35,2023-12-03,31258.083215282903
664,SC35,2023-12-04,31426.592519697777
665,SC35,2023-12-05,31595.10182411265
666,SC35,2023-12-06,31763.611128527526
667,SC35,2023-12-07,31932.1204329424
668,SC35,2023-12-08,32100.629737357274
669,SC35,2023-12-09,32269.13904177215
670,SC35,2023-12-10,32437.648346187023
671,SC35,2023-12-11,32606.157650601897
672,SC35,2023-12-12,32774.66695501677
673,SC35,2023-12-13,32943.176259431646
674,SC35,2023-12-14,33111.68556384652
675,SC35,2023-12-15,33280.194868261395
676,SC35,2023-12-16,33448.70417267627
677,SC35,2023-12-17,33617.21347709114
678,SC35,2023-12-18,33785.72278150602
679,SC35,2023-12-19,33954.23208592089
680,SC35,2023-12-20,34122.74139033577
681,SC35,2023-12-21,34291.25069475064
682,SC35,2023-12-22,34459.759999165515
683,SC35,2023-12-23,34628.26930358039
684,SC35,2023-12-24,34796.778607995264
685,SC35,2023-12-25,34965.28791241014
686,SC35,2023-12-26,35133.79721682501
687,SC35,2023-12-27,35302.30652123989
688,SC35,2023-12-28,35470.81582565476
689,SC35,2023-12-29,35639.325130069636
690,SC32,2023-11-30,3042.7400064951166
691,SC32,2023-12-01,3124.914313190603
692,SC32,2023-12-02,3141.541921176907
693,SC32,2023-12-03,3139.960963311262
694,SC32,2023-12-04,3136.164950643807
695,SC32,2023-12-05,3133.752053285148
696,SC32,2023-12-06,3132.668983348875
697,SC32,2023-12-07,3132.2973065910774
698,SC32,2023-12-08,3132.210937930785
699,SC32,2023-12-09,3132.210243371605
700,SC32,2023-12-10,3132.2237006995474
701,SC32,2023-12-11,3132.233271823661
702,SC32,2023-12-12,3132.2378263508585
703,SC32,2023-12-13,3132.2394822650126
704,SC32,2023-12-14,3132.2399107878855
705,SC32,2023-12-15,3132.239944618576
706,SC32,2023-12-16,3132.239899206231
707,SC32,2023-12-17,3132.239861824021
708,SC32,2023-12-18,3132.2398428810707
709,SC32,2023-12-19,3132.2398356022454
710,SC32,2023-12-20,3132.239833544681
711,SC32,2023-12-21,3132.2398332737225
712,SC32,2023-12-22,3132.239833415494
713,SC32,2023-12-23,3132.2398335588937
714,SC32,2023-12-24,3132.2398336367964
715,SC32,2023-12-25,3132.239833668399
716,SC32,2023-12-26,3132.239833678034
717,SC32,2023-12-27,3132.239833679703
718,SC32,2023-12-28,3132.239833679321
719,SC32,2023-12-29,3132.2398336787824
720,SC40,2023-11-30,3290.169569860014
721,SC40,2023-12-01,3226.412166753527
722,SC40,2023-12-02,3231.0974294537814
723,SC40,2023-12-03,3236.9473222346073
724,SC40,2023-12-04,3241.7297794309757
725,SC40,2023-12-05,3247.4905891067915
726,SC40,2023-12-06,3252.354694955249
727,SC40,2023-12-07,3258.040669987759
728,SC40,2023-12-08,3262.9733651355555
729,SC40,2023-12-09,3268.596475005943
730,SC40,2023-12-10,3273.586788887955
731,SC40,2023-12-11,3279.1570886100744
732,SC40,2023-12-12,3284.195805356157
733,SC40,2023-12-13,3289.721741687393
734,SC40,2023-12-14,3294.801119466422
735,SC40,2023-12-15,3300.289788141437
736,SC40,2023-12-16,3305.4033233950686
737,SC40,2023-12-17,3310.8606852161092
738,SC40,2023-12-18,3316.002914602348
739,SC40,2023-12-19,3321.433976966831
740,SC40,2023-12-20,3326.6003109818694
741,SC40,2023-12-21,3332.009280375408
742,SC40,2023-12-22,3337.195863586948
743,SC40,2023-12-23,3342.586273685769
744,SC40,2023-12-24,3347.7898673214204
745,SC40,2023-12-25,3353.1646866053497
746,SC40,2023-12-26,3358.382569920517
747,SC40,2023-12-27,3363.7442920737262
748,SC40,2023-12-28,3368.9741794952774
749,SC40,2023-12-29,3374.3248993478182
750,SC2,2023-11-30,8596.0844515931
751,SC2,2023-12-01,8413.46817216283
752,SC2,2023-12-02,8412.286172077938
753,SC2,2023-12-03,8411.104171993047
754,SC2,2023-12-04,8409.922171908156
755,SC2,2023-12-05,8408.740171823265
756,SC2,2023-12-06,8407.558171738374
757,SC2,2023-12-07,8406.376171653483
758,SC2,2023-12-08,8405.194171568592
759,SC2,2023-12-09,8404.0121714837
760,SC2,2023-12-10,8402.83017139881
761,SC2,2023-12-11,8401.648171313918
762,SC2,2023-12-12,8400.466171229027
763,SC2,2023-12-13,8399.284171144136
764,SC2,2023-12-14,8398.102171059245
765,SC2,2023-12-15,8396.920170974354
766,SC2,2023-12-16,8395.738170889463
767,SC2,2023-12-17,8394.556170804572
768,SC2,2023-12-18,8393.37417071968
769,SC2,2023-12-19,8392.19217063479
770,SC2,2023-12-20,8391.010170549898
771,SC2,2023-12-21,8389.828170465007
772,SC2,2023-12-22,8388.646170380116
773,SC2,2023-12-23,8387.464170295225
774,SC2,2023-12-24,8386.282170210334
775,SC2,2023-12-25,8385.100170125443
776,SC2,2023-12-26,8383.918170040552
777,SC2,2023-12-27,8382.73616995566
778,SC2,2023-12-28,8381.55416987077
779,SC2,2023-12-29,8380.372169785878
780,SC34,2023-11-30,9734.236636241176
781,SC34,2023-12-01,9845.501928478281
782,SC34,2023-12-02,9905.529891900507
783,SC34,2023-12-03,9937.915160659264
784,SC34,2023-12-04,9955.387111609853
785,SC34,2023-12-05,9964.813282264597
786,SC34,2023-12-06,9969.89872998956
787,SC34,2023-12-07,9972.64234449757
788,SC34,2023-12-08,9974.122532865571
789,SC34,2023-12-09,9974.921098990064
790,SC34,2023-12-10,9975.351927841968
791,SC34,2023-12-11,9975.584361317344
792,SC34,2023-12-12,9975.709759883935
793,SC34,2023-12-13,9975.777412791838
794,SC34,2023-12-14,9975.813911741327
795,SC34,2023-12-15,9975.833603035537
796,SC34,2023-12-16,9975.844226548626
797,SC34,2023-12-17,9975.849957966235
798,SC34,2023-12-18,9975.853050083459
799,SC34,2023-12-19,9975.854718290102
800,SC34,2023-12-20,9975.855618292657
801,SC34,2023-12-21,9975.856103846772
802,SC34,2023-12-22,9975.856365804693
803,SC34,2023-12-23,9975.856507131788
804,SC34,2023-12-24,9975.856583378185
805,SC34,2023-12-25,9975.856624513348
806,SC34,2023-12-26,9975.856646705894
807,SC34,2023-12-27,9975.85665867884
808,SC34,2023-12-28,9975.85666513828
809,SC34,2023-12-29,9975.856668623168
810,SC20,2023-11-30,42.639632035218824
811,SC20,2023-12-01,165.2969144148795
812,SC20,2023-12-02,118.70727181758025
813,SC20,2023-12-03,176.74294472167418
814,SC20,2023-12-04,152.9617730007459
815,SC20,2023-12-05,186.52677420585434
816,SC20,2023-12-06,174.70814333886688
817,SC20,2023-12-07,194.27772762068435
818,SC20,2023-12-08,188.63885523856402
819,SC20,2023-12-09,200.15031707488683
820,SC20,2023-12-10,197.6365758967801
821,SC20,2023-12-11,204.47324657096055
822,SC20,2023-12-12,203.49117124264836
823,SC20,2023-12-13,207.59298025871863
824,SC20,2023-12-14,207.32554674099046
825,SC20,2023-12-15,209.8126589627284
826,SC20,2023-12-16,209.85114696069363
827,SC20,2023-12-17,211.37549662422035
828,SC20,2023-12-18,211.5228809595307
829,SC20,2023-12-19,212.46721153988915
830,SC20,2023-12-20,212.63407870802874
831,SC20,2023-12-21,213.22522799922984
832,SC20,2023-12-22,213.37531801740326
833,SC20,2023-12-23,213.74908369773902
834,SC20,2023-12-24,213.87125110490234
835,SC20,2023-12-25,214.10978726776872
836,SC20,2023-12-26,214.20388951312077
837,SC20,2023-12-27,214.35743348676704
838,SC20,2023-12-28,214.4274648349558
839,SC20,2023-12-29,214.52706839674192
840,SC19,2023-11-30,7788.629038607993
841,SC19,2023-12-01,7863.184224841221
842,SC19,2023-12-02,7960.72474463242
843,SC19,2023-12-03,8126.961956516727
844,SC19,2023-12-04,8243.677875993599
845,SC19,2023-12-05,8312.526671784488
846,SC19,2023-12-06,8369.648011256975
847,SC19,2023-12-07,8419.219316889013
848,SC19,2023-12-08,8456.659588162269
849,SC19,2023-12-09,8484.484318459094
850,SC19,2023-12-10,8506.382298812423
851,SC19,2023-12-11,8523.681227342224
852,SC19,2023-12-12,8537.03257754942
853,SC19,2023-12-13,8547.329200527742
854,SC19,2023-12-14,8555.345796377704
855,SC19,2023-12-15,8561.586817482532
856,SC19,2023-12-16,8566.426877578575
857,SC19,2023-12-17,8570.181093486535
858,SC19,2023-12-18,8573.097602073454
859,SC19,2023-12-19,8575.36303703908
860,SC19,2023-12-20,8577.121640936439
861,SC19,2023-12-21,8578.486906975988
862,SC19,2023-12-22,8579.547077307074
863,SC19,2023-12-23,8580.370298508395
864,SC19,2023-12-24,8581.009464767805
865,SC19,2023-12-25,8581.505736877047
866,SC19,2023-12-26,8581.891076137004
867,SC19,2023-12-27,8582.190276729198
868,SC19,2023-12-28,8582.422590391983
869,SC19,2023-12-29,8582.602970657048
870,SC14,2023-11-30,1780.2148760330579
871,SC14,2023-12-01,1769.4297520661157
872,SC14,2023-12-02,1758.6446280991736
873,SC14,2023-12-03,1747.8595041322315
874,SC14,2023-12-04,1737.0743801652893
875,SC14,2023-12-05,1726.2892561983472
876,SC14,2023-12-06,1715.504132231405
877,SC14,2023-12-07,1704.719008264463
878,SC14,2023-12-08,1693.9338842975208
879,SC14,2023-12-09,1683.1487603305786
880,SC14,2023-12-10,1672.3636363636365
881,SC14,2023-12-11,1661.5785123966944
882,SC14,2023-12-12,1650.7933884297522
883,SC14,2023-12-13,1640.00826446281
884,SC14,2023-12-14,1629.223140495868
885,SC14,2023-12-15,1618.4380165289258
886,SC14,2023-12-16,1607.6528925619837
887,SC14,2023-12-17,1596.8677685950415
888,SC14,2023-12-18,1586.0826446280994
889,SC14,2023-12-19,1575.2975206611573
890,SC14,2023-12-20,1564.512396694215
891,SC14,2023-12-21,1553.727272727273
892,SC14,2023-12-22,1542.9421487603308
893,SC14,2023-12-23,1532.1570247933887
894,SC14,2023-12-24,1521.3719008264466
895,SC14,2023-12-25,1510.5867768595044
896,SC14,2023-12-26,1499.8016528925623
897,SC14,2023-12-27,1489.0165289256202
898,SC14,2023-12-28,1478.231404958678
899,SC14,2023-12-29,1467.4462809917359
900,SC55,2023-11-30,3658.964509522369
901,SC55,2023-12-01,3813.768715256667
902,SC55,2023-12-02,3878.543420657369
903,SC55,2023-12-03,3905.6470929371085
904,SC55,2023-12-04,3916.9880793067596
905,SC55,2023-12-05,3921.7334868850808
906,SC55,2023-12-06,3923.7191072138953
907,SC55,2023-12-07,3924.5499500920105
908,SC55,2023-12-08,3924.897599578721
909,SC55,2023-12-09,3925.043066512113
910,SC55,2023-12-10,3925.1039342237577
911,SC55,2023-12-11,3925.129403093105
912,SC55,2023-12-12,3925.1400600290776
913,SC55,2023-12-13,3925.14451920953
914,SC55,2023-12-14,3925.146385063876
915,SC55,2023-12-15,3925.1471657930883
916,SC55,2023-12-16,3925.14749247352
917,SC55,2023-12-17,3925.147629166374
918,SC55,2023-12-18,3925.1476863627486
919,SC55,2023-12-19,3925.147710295421
920,SC55,2023-12-20,3925.1477203095665
921,SC55,2023-12-21,3925.147724499784
922,SC55,2023-12-22,3925.147726253096
923,SC55,2023-12-23,3925.1477269867346
924,SC55,2023-12-24,3925.1477272937104
925,SC55,2023-12-25,3925.1477274221584
926,SC55,2023-12-26,3925.147727475905
927,SC55,2023-12-27,3925.147727498394
928,SC55,2023-12-28,3925.147727507804
929,SC55,2023-12-29,3925.147727511742
930,SC26,2023-11-30,4587.4698802379
931,SC26,2023-12-01,4641.8346895876075
932,SC26,2023-12-02,4668.588882579084
933,SC26,2023-12-03,4681.755246099662
934,SC26,2023-12-04,4688.234721238801
935,SC26,2023-12-05,4691.423422356852
936,SC26,2023-12-06,4692.992656685546
937,SC26,2023-12-07,4693.76491356607
938,SC26,2023-12-08,4694.144959221849
939,SC26,2023-12-09,4694.33198856936
940,SC26,2023-12-10,4694.4240300814745
941,SC26,2023-12-11,4694.4693258602665
942,SC26,2023-12-12,4694.49161697141
943,SC26,2023-12-13,4694.502586948067
944,SC26,2023-12-14,4694.507985529908
945,SC26,2023-12-15,4694.510642298178
946,SC26,2023-12-16,4694.511949755923
947,SC26,2023-12-17,4694.5125931864295
948,SC26,2023-12-18,4694.5129098336165
949,SC26,2023-12-19,4694.513065663096
950,SC26,2023-12-20,4694.5131423504245
951,SC26,2023-12-21,4694.513180090051
952,SC26,2023-12-22,4694.513198662602
953,SC26,2023-12-23,4694.513207802589
954,SC26,2023-12-24,4694.51321230059
955,SC26,2023-12-25,4694.5132145141615
956,SC26,2023-12-26,4694.5132156035115
957,SC26,2023-12-27,4694.513216139606
958,SC26,2023-12-28,4694.513216403431
959,SC26,2023-12-29,4694.513216533265
960,SC43,2023-11-30,3518.647443331918
961,SC43,2023-12-01,3729.814163832302
962,SC43,2023-12-02,3811.8367768213275
963,SC43,2023-12-03,3843.6964800245855
964,SC43,2023-12-04,3856.071612335177
965,SC43,2023-12-05,3860.8784336268773
966,SC43,2023-12-06,3862.745527274883
967,SC43,2023-12-07,3863.4707547129083
968,SC43,2023-12-08,3863.752451797265
969,SC43,2023-12-09,3863.861870226815
970,SC43,2023-12-10,3863.9043711733634
971,SC43,2023-12-11,3863.9208796396697
972,SC43,2023-12-12,3863.927291954734
973,SC43,2023-12-13,3863.9297826636657
974,SC43,2023-12-14,3863.9307501194007
975,SC43,2023-12-15,3863.9311259042174
976,SC43,2023-12-16,3863.9312718687543
977,SC43,2023-12-17,3863.9313285651538
978,SC43,2023-12-18,3863.9313505875007
979,SC43,2023-12-19,3863.93135914155
980,SC43,2023-12-20,3863.9313624641636
981,SC43,2023-12-21,3863.9313637547525
982,SC43,2023-12-22,3863.9313642560505
983,SC43,2023-12-23,3863.931364450768
984,SC43,2023-12-24,3863.931364526401
985,SC43,2023-12-25,3863.931364555779
986,SC43,2023-12-26,3863.93136456719
987,SC43,2023-12-27,3863.9313645716225
988,SC43,2023-12-28,3863.931364573344
989,SC43,2023-12-29,3863.931364574013
990,SC54,2023-11-30,9339.816982355776
991,SC54,2023-12-01,9707.740907151223
992,SC54,2023-12-02,9873.481871984211
993,SC54,2023-12-03,10020.07571655804
994,SC54,2023-12-04,10155.390744248074
995,SC54,2023-12-05,10248.071288391873
996,SC54,2023-12-06,10306.89150477418
997,SC54,2023-12-07,10350.377229029697
998,SC54,2023-12-08,10384.181358343205
999,SC54,2023-12-09,10408.569374192175
1000,SC54,2023-12-10,10425.592551393323
1001,SC54,2023-12-11,10437.901386473042
1002,SC54,2023-12-12,10446.986318565114
1003,SC54,2023-12-13,10453.581004805663
1004,SC54,2023-12-14,10458.310504423467
1005,SC54,2023-12-15,10461.72771144049
1006,SC54,2023-12-16,10464.214090698919
1007,SC54,2023-12-17,10466.017313476272
1008,SC54,2023-12-18,10467.319969218002
1009,SC54,2023-12-19,10468.262258611643
1010,SC54,2023-12-20,10468.945346733915
1011,SC54,2023-12-21,10469.44029031758
1012,SC54,2023-12-22,10469.798492950467
1013,SC54,2023-12-23,10470.057771181848
1014,SC54,2023-12-24,10470.245560969357
1015,SC54,2023-12-25,10470.38157041371
1016,SC54,2023-12-26,10470.480045399616
1017,SC54,2023-12-27,10470.55134293405
1018,SC54,2023-12-28,10470.602972104434
1019,SC54,2023-12-29,10470.640359625408
1020,SC17,2023-11-30,19014.415295478957
1021,SC17,2023-12-01,18976.10843709743
1022,SC17,2023-12-02,19033.68158122613
1023,SC17,2023-12-03,19091.25472535483
1024,SC17,2023-12-04,19148.827869483528
1025,SC17,2023-12-05,19206.401013612227
1026,SC17,2023-12-06,19263.974157740926
1027,SC17,2023-12-07,19321.547301869625
1028,SC17,2023-12-08,19379.120445998324
1029,SC17,2023-12-09,19436.693590127023
1030,SC17,2023-12-10,19494.26673425572
1031,SC17,2023-12-11,19551.83987838442
1032,SC17,2023-12-12,19609.41302251312
1033,SC17,2023-12-13,19666.98616664182
1034,SC17,2023-12-14,19724.559310770517
1035,SC17,2023-12-15,19782.132454899216
1036,SC17,2023-12-16,19839.705599027915
1037,SC17,2023-12-17,19897.278743156614
1038,SC17,2023-12-18,19954.851887285313
1039,SC17,2023-12-19,20012.42503141401
1040,SC17,2023-12-20,20069.99817554271
1041,SC17,2023-12-21,20127.57131967141
1042,SC17,2023-12-22,20185.14446380011
1043,SC17,2023-12-23,20242.717607928807
1044,SC17,2023-12-24,20300.290752057506
1045,SC17,2023-12-25,20357.863896186205
1046,SC17,2023-12-26,20415.437040314904
1047,SC17,2023-12-27,20473.010184443603
1048,SC17,2023-12-28,20530.583328572302
1049,SC17,2023-12-29,20588.156472701
1050,SC29,2023-11-30,6113.931220065906
1051,SC29,2023-12-01,7264.9742744394725
1052,SC29,2023-12-02,6384.071010526998
1053,SC29,2023-12-03,7166.79992214962
1054,SC29,2023-12-04,6514.0912624658295
1055,SC29,2023-12-05,7134.903186002164
1056,SC29,2023-12-06,6610.022705916647
1057,SC29,2023-12-07,7122.7999476782525
1058,SC29,2023-12-08,6692.745485533757
1059,SC29,2023-12-09,7120.664613879432
1060,SC29,2023-12-10,6767.271247484674
1061,SC29,2023-12-11,7125.619064679305
1062,SC29,2023-12-12,6835.499203685704
1063,SC29,2023-12-13,7136.242594863124
1064,SC29,2023-12-14,6898.591175208684
1065,SC29,2023-12-15,7151.533396941451
1066,SC29,2023-12-16,6957.435671542483
1067,SC29,2023-12-17,7170.692274080115
1068,SC29,2023-12-18,7012.756471923535
1069,SC29,2023-12-19,7193.061613600946
1070,SC29,2023-12-20,7065.1519912072545
1071,SC29,2023-12-21,7218.0964742865335
1072,SC29,2023-12-22,7115.118644866703
1073,SC29,2023-12-23,7245.344572620199
1074,SC29,2023-12-24,7163.068538995487
1075,SC29,2023-12-25,7274.4303975297325
1076,SC29,2023-12-26,7209.343844999909
1077,SC29,2023-12-27,7305.042154770524
1078,SC29,2023-12-28,7254.228677824264
1079,SC29,2023-12-29,7336.920951039903
1080,SC44,2023-11-30,17340.937030648867
1081,SC44,2023-12-01,17569.941075326442
1082,SC44,2023-12-02,17708.35560822984
1083,SC44,2023-12-03,17766.60195004016
1084,SC44,2023-12-04,17824.84829185048
1085,SC44,2023-12-05,17883.094633660803
1086,SC44,2023-12-06,17941.340975471125
1087,SC44,2023-12-07,17999.587317281446
1088,SC44,2023-12-08,18057.833659091768
1089,SC44,2023-12-09,18116.08000090209
1090,SC44,2023-12-10,18174.32634271241
1091,SC44,2023-12-11,18232.572684522733
1092,SC44,2023-12-12,18290.819026333054
1093,SC44,2023-12-13,18349.065368143376
1094,SC44,2023-12-14,18407.311709953698
1095,SC44,2023-12-15,18465.55805176402
1096,SC44,2023-12-16,18523.80439357434
1097,SC44,2023-12-17,18582.050735384662
1098,SC44,2023-12-18,18640.297077194984
1099,SC44,2023-12-19,18698.543419005306
1100,SC44,2023-12-20,18756.789760815627
1101,SC44,2023-12-21,18815.03610262595
1102,SC44,2023-12-22,18873.28244443627
1103,SC44,2023-12-23,18931.528786246592
1104,SC44,2023-12-24,18989.775128056914
1105,SC44,2023-12-25,19048.021469867235
1106,SC44,2023-12-26,19106.267811677557
1107,SC44,2023-12-27,19164.51415348788
1108,SC44,2023-12-28,19222.7604952982
1109,SC44,2023-12-29,19281.00683710852
1110,SC8,2023-11-30,39472.68817922811
1111,SC8,2023-12-01,39929.36544196415
1112,SC8,2023-12-02,40134.2584444407
1113,SC8,2023-12-03,40264.094188984796
1114,SC8,2023-12-04,40371.555254656865
1115,SC8,2023-12-05,40472.34639568185
1116,SC8,2023-12-06,40571.14922236936
1117,SC8,2023-12-07,40669.35932963141
1118,SC8,2023-12-08,40767.39274636184
1119,SC8,2023-12-09,40865.37349138518
1120,SC8,2023-12-10,40963.33853489525
1121,SC8,2023-12-11,41061.298897761146
1122,SC8,2023-12-12,41159.257865320134
1123,SC8,2023-12-13,41257.216416936084
1124,SC8,2023-12-14,41355.1748445588
1125,SC8,2023-12-15,41453.13323521896
1126,SC8,2023-12-16,41551.09161486051
1127,SC8,2023-12-17,41649.049991217405
1128,SC8,2023-12-18,41747.00836659514
1129,SC8,2023-12-19,41844.96674168098
1130,SC8,2023-12-20,41942.92511667981
1131,SC8,2023-12-21,42040.883491652705
1132,SC8,2023-12-22,42138.84186661787
1133,SC8,2023-12-23,42236.80024158073
1134,SC8,2023-12-24,42334.7586165429
1135,SC8,2023-12-25,42432.716991504865
1136,SC8,2023-12-26,42530.67536646677
1137,SC8,2023-12-27,42628.63374142865
1138,SC8,2023-12-28,42726.59211639054
1139,SC8,2023-12-29,42824.55049135242
1140,SC57,2023-11-30,8706.389743806292
1141,SC57,2023-12-01,8762.897060410465
1142,SC57,2023-12-02,8784.218669286674
1143,SC57,2023-12-03,8788.901106516585
1144,SC57,2023-12-04,8785.714950190966
1145,SC57,2023-12-05,8778.807769414236
1146,SC57,2023-12-06,8770.140931988824
1147,SC57,2023-12-07,8760.64196041274
1148,SC57,2023-12-08,8750.749476133351
1149,SC57,2023-12-09,8740.670901368985
1150,SC57,2023-12-10,8730.504325205155
1151,SC57,2023-12-11,8720.29613355352
1152,SC57,2023-12-12,8710.068262114568
1153,SC57,2023-12-13,8699.831084187832
1154,SC57,2023-12-14,8689.589505262575
1155,SC57,2023-12-15,8679.34584512382
1156,SC57,2023-12-16,8669.101200788049
1157,SC57,2023-12-17,8658.856091029691
1158,SC57,2023-12-18,8648.61076117497
1159,SC57,2023-12-19,8638.365327237614
1160,SC57,2023-12-20,8628.119844080022
1161,SC57,2023-12-21,8617.87433764639
1162,SC57,2023-12-22,8607.628820205618
1163,SC57,2023-12-23,8597.383297559616
1164,SC57,2023-12-24,8587.137772452083
1165,SC57,2023-12-25,8576.892246180501
1166,SC57,2023-12-26,8566.646719358447
1167,SC57,2023-12-27,8556.401192276076
1168,SC57,2023-12-28,8546.155665070604
1169,SC57,2023-12-29,8535.910137806917
1170,SC49,2023-11-30,6566.7850519722715
1171,SC49,2023-12-01,6607.7094741006695
1172,SC49,2023-12-02,6608.155068614708
1173,SC49,2023-12-03,6619.516789349313
1174,SC49,2023-12-04,6630.878510083917
1175,SC49,2023-12-05,6642.240230818521
1176,SC49,2023-12-06,6653.601951553125
1177,SC49,2023-12-07,6664.963672287729
1178,SC49,2023-12-08,6676.325393022334
1179,SC49,2023-12-09,6687.687113756938
1180,SC49,2023-12-10,6699.048834491542
1181,SC49,2023-12-11,6710.410555226146
1182,SC49,2023-12-12,6721.77227596075
1183,SC49,2023-12-13,6733.133996695355
1184,SC49,2023-12-14,6744.495717429959
1185,SC49,2023-12-15,6755.857438164563
1186,SC49,2023-12-16,6767.219158899167
1187,SC49,2023-12-17,6778.5808796337715
1188,SC49,2023-12-18,6789.942600368376
1189,SC49,2023-12-19,6801.30432110298
1190,SC49,2023-12-20,6812.666041837584
1191,SC49,2023-12-21,6824.027762572188
1192,SC49,2023-12-22,6835.3894833067925
1193,SC49,2023-12-23,6846.751204041397
1194,SC49,2023-12-24,6858.112924776001
1195,SC49,2023-12-25,6869.474645510605
1196,SC49,2023-12-26,6880.836366245209
1197,SC49,2023-12-27,6892.1980869798135
1198,SC49,2023-12-28,6903.559807714418
1199,SC49,2023-12-29,6914.921528449022
1200,SC51,2023-11-30,11459.13189342674
1201,SC51,2023-12-01,11700.615796900156
1202,SC51,2023-12-02,11832.739978415924
1203,SC51,2023-12-03,11912.431994942104
1204,SC51,2023-12-04,11966.98557954579
1205,SC51,2023-12-05,12009.48662426966
1206,SC51,2023-12-06,12046.20911772978
1207,SC51,2023-12-07,12080.161103476108
1208,SC51,2023-12-08,12112.784778259733
1209,SC51,2023-12-09,12144.771598648455
1210,SC51,2023-12-10,12176.453081257325
1211,SC51,2023-12-11,12207.9881706552
1212,SC51,2023-12-12,12239.453072301547
1213,SC51,2023-12-13,12270.88432265743
1214,SC51,2023-12-14,12302.29943901094
1215,SC51,2023-12-15,12333.706819969195
1216,SC51,2023-12-16,12365.110492217213
1217,SC51,2023-12-17,12396.512386336102
1218,SC51,2023-12-18,12427.913427936734
1219,SC51,2023-12-19,12459.314060800241
1220,SC51,2023-12-20,12490.714497696059
1221,SC51,2023-12-21,12522.1148406358
1222,SC51,2023-12-22,12553.515138528606
1223,SC51,2023-12-23,12584.915414823803
1224,SC51,2023-12-24,12616.315680764097
1225,SC51,2023-12-25,12647.715941739765
1226,SC51,2023-12-26,12679.11620033516
1227,SC51,2023-12-27,12710.516457789341
1228,SC51,2023-12-28,12741.91671469637
1229,SC51,2023-12-29,12773.31697134107
1230,SC38,2023-11-30,3926.5907744967362
1231,SC38,2023-12-01,3952.3572624101
1232,SC38,2023-12-02,3959.079215578352
1233,SC38,2023-12-03,3965.801168746604
1234,SC38,2023-12-04,3972.5231219148563
1235,SC38,2023-12-05,3979.2450750831085
1236,SC38,2023-12-06,3985.9670282513607
1237,SC38,2023-12-07,3992.688981419613
1238,SC38,2023-12-08,3999.410934587865
1239,SC38,2023-12-09,4006.1328877561173
1240,SC38,2023-12-10,4012.8548409243695
1241,SC38,2023-12-11,4019.5767940926216
1242,SC38,2023-12-12,4026.298747260874
1243,SC38,2023-12-13,4033.020700429126
1244,SC38,2023-12-14,4039.742653597378
1245,SC38,2023-12-15,4046.4646067656304
1246,SC38,2023-12-16,4053.1865599338826
1247,SC38,2023-12-17,4059.9085131021347
1248,SC38,2023-12-18,4066.630466270387
1249,SC38,2023-12-19,4073.352419438639
1250,SC38,2023-12-20,4080.0743726068913
1251,SC38,2023-12-21,4086.7963257751435
1252,SC38,2023-12-22,4093.5182789433957
1253,SC38,2023-12-23,4100.240232111648
1254,SC38,2023-12-24,4106.9621852799
1255,SC38,2023-12-25,4113.684138448152
1256,SC38,2023-12-26,4120.406091616404
1257,SC38,2023-12-27,4127.128044784657
1258,SC38,2023-12-28,4133.849997952909
1259,SC38,2023-12-29,4140.571951121161
1260,SC22,2023-11-30,9750.424212045655
1261,SC22,2023-12-01,9929.45696311972
1262,SC22,2023-12-02,8397.9499748871
1263,SC22,2023-12-03,8576.33196228145
1264,SC22,2023-12-04,9144.815422310305
1265,SC22,2023-12-05,9185.003473037028
1266,SC22,2023-12-06,9225.191523763751
1267,SC22,2023-12-07,9265.379574490475
1268,SC22,2023-12-08,9305.567625217198
1269,SC22,2023-12-09,9345.755675943921
1270,SC22,2023-12-10,9385.943726670645
1271,SC22,2023-12-11,9426.131777397368
1272,SC22,2023-12-12,9466.319828124091
1273,SC22,2023-12-13,9506.507878850814
1274,SC22,2023-12-14,9546.695929577538
1275,SC22,2023-12-15,9586.883980304261
1276,SC22,2023-12-16,9627.072031030984
1277,SC22,2023-12-17,9667.260081757708
1278,SC22,2023-12-18,9707.448132484431
1279,SC22,2023-12-19,9747.636183211154
1280,SC22,2023-12-20,9787.824233937878
1281,SC22,2023-12-21,9828.0122846646
1282,SC22,2023-12-22,9868.200335391324
1283,SC22,2023-12-23,9908.388386118047
1284,SC22,2023-12-24,9948.57643684477
1285,SC22,2023-12-25,9988.764487571494
1286,SC22,2023-12-26,10028.952538298217
1287,SC22,2023-12-27,10069.14058902494
1288,SC22,2023-12-28,10109.328639751664
1289,SC22,2023-12-29,10149.516690478387
1290,SC3,2023-11-30,12594.98749911969
1291,SC3,2023-12-01,12897.197658783687
1292,SC3,2023-12-02,13045.729884910297
1293,SC3,2023-12-03,13130.919939677688
1294,SC3,2023-12-04,13190.001947699871
1295,SC3,2023-12-05,13238.322876803806
1296,SC3,2023-12-06,13282.208360368097
1297,SC3,2023-12-07,13324.26566505882
1298,SC3,2023-12-08,13365.569440489882
1299,SC3,2023-12-09,13406.562630149838
1300,SC3,2023-12-10,13447.42780418203
1301,SC3,2023-12-11,13488.240213398587
1302,SC3,2023-12-12,13529.030874287868
1303,SC3,2023-12-13,13569.812571064725
1304,SC3,2023-12-14,13610.590573060346
1305,SC3,2023-12-15,13651.367052160254
1306,SC3,2023-12-16,13692.142903560929
1307,SC3,2023-12-17,13732.918496239798
1308,SC3,2023-12-18,13773.693982280058
1309,SC3,2023-12-19,13814.46942436657
1310,SC3,2023-12-20,13855.244848336457
1311,SC3,2023-12-21,13896.020264839126
1312,SC3,2023-12-22,13936.795678263998
1313,SC3,2023-12-23,13977.571090420277
1314,SC3,2023-12-24,14018.346502053675
1315,SC3,2023-12-25,14059.121913471556
1316,SC3,2023-12-26,14099.897324800604
1317,SC3,2023-12-27,14140.672736093038
1318,SC3,2023-12-28,14181.448147370382
1319,SC3,2023-12-29,14222.223558641504
1320,SC52,2023-11-30,3815.0223372616038
1321,SC52,2023-12-01,3847.1569583828423
1322,SC52,2023-12-02,3802.20717124627
1323,SC52,2023-12-03,3768.0771539534903
1324,SC52,2023-12-04,3762.4427480193185
1325,SC52,2023-12-05,3772.708721796777
1326,SC52,2023-12-06,3785.6349637746894
1327,SC52,2023-12-07,3795.9269041027546
1328,SC52,2023-12-08,3803.7364066525374
1329,SC52,2023-12-09,3810.628661291151
1330,SC52,2023-12-10,3817.5994148097757
1331,SC52,2023-12-11,3824.8759294505194
1332,SC52,2023-12-12,3832.3334568580235
1333,SC52,2023-12-13,3839.8264245903233
1334,SC52,2023-12-14,3847.2928210680866
1335,SC52,2023-12-15,3854.731797311205
1336,SC52,2023-12-16,3862.1599431004806
1337,SC52,2023-12-17,3869.588492632567
1338,SC52,2023-12-18,3877.0203056049695
1339,SC52,2023-12-19,3884.454170628248
1340,SC52,2023-12-20,3891.8884935216042
1341,SC52,2023-12-21,3899.322552386037
1342,SC52,2023-12-22,3906.7563095450246
1343,SC52,2023-12-23,3914.1899396986582
1344,SC52,2023-12-24,3921.6235690981716
1345,SC52,2023-12-25,3929.0572331279204
1346,SC52,2023-12-26,3936.4909203268185
1347,SC52,2023-12-27,3943.924613308465
1348,SC52,2023-12-28,3951.3583037155045
1349,SC52,2023-12-29,3958.791990815994
1350,SC56,2023-11-30,1904.7045819325226
1351,SC56,2023-12-01,1923.9245038419585
1352,SC56,2023-12-02,1933.4687329683402
1353,SC56,2023-12-03,1938.2082064191743
1354,SC56,2023-12-04,1940.5617342204998
1355,SC56,2023-12-05,1941.7304490933805
1356,SC56,2023-12-06,1942.310809543477
1357,SC56,2023-12-07,1942.5990049449836
1358,SC56,2023-12-08,1942.742117022031
1359,SC56,2023-12-09,1942.8131836195191
1360,SC56,2023-12-10,1942.848473871626
1361,SC56,2023-12-11,1942.8659983055766
1362,SC56,2023-12-12,1942.8747005892653
1363,SC56,2023-12-13,1942.8790219694374
1364,SC56,2023-12-14,1942.8811678804718
1365,SC56,2023-12-15,1942.8822334970073
1366,SC56,2023-12-16,1942.8827626608834
1367,SC56,2023-12-17,1942.8830254330894
1368,SC56,2023-12-18,1942.8831559205155
1369,SC56,2023-12-19,1942.8832207179637
1370,SC56,2023-12-20,1942.8832528950816
1371,SC56,2023-12-21,1942.8832688735952
1372,SC56,2023-12-22,1942.883276808206
1373,SC56,2023-12-23,1942.883280748375
1374,SC56,2023-12-24,1942.8832827049841
1375,SC56,2023-12-25,1942.883283676597
1376,SC56,2023-12-26,1942.8832841590806
1377,SC56,2023-12-27,1942.8832843986725
1378,SC56,2023-12-28,1942.883284517649
1379,SC56,2023-12-29,1942.8832845767301
1380,SC63,2023-11-30,2221.714665514546
1381,SC63,2023-12-01,2499.2611117051138
1382,SC63,2023-12-02,2405.82549378144
1383,SC63,2023-12-03,2505.466396001483
1384,SC63,2023-12-04,2432.8497808479215
1385,SC63,2023-12-05,2517.2895568143995
1386,SC63,2023-12-06,2458.5326214399615
1387,SC63,2023-12-07,2530.335786120167
1388,SC63,2023-12-08,2483.100325075957
1389,SC63,2023-12-09,2544.3987454275702
1390,SC63,2023-12-10,2506.741021593569
1391,SC63,2023-12-11,2559.306906702212
1392,SC63,2023-12-12,2529.6111022752734
1393,SC63,2023-12-13,2574.917679647873
1394,SC63,2023-12-14,2551.8405743200283
1395,SC63,2023-12-15,2591.112529748329
1396,SC63,2023-12-16,2573.537511985637
1397,SC63,2023-12-17,2607.792919922805
1398,SC63,2023-12-18,2594.7917567985196
1399,SC63,2023-12-19,2624.876936846836
1400,SC63,2023-12-20,2615.677993517409
1401,SC63,2023-12-21,2642.296486431657
1402,SC63,2023-12-22,2636.258307164783
1403,SC63,2023-12-23,2659.994962441897
1404,SC63,2023-12-24,2656.584308672796
1405,SC63,2023-12-25,2677.925308430499
1406,SC63,2023-12-26,2676.6989019208627
1407,SC63,2023-12-27,2696.048406636052
1408,SC63,2023-12-28,2696.637752664125
1409,SC63,2023-12-29,2714.331738682146
1410,SC6,2023-11-30,28979.517944209932
1411,SC6,2023-12-01,30010.091738348558
1412,SC6,2023-12-02,30133.04495901859
1413,SC6,2023-12-03,30255.99817968862
1414,SC6,2023-12-04,30378.951400358652
1415,SC6,2023-12-05,30501.904621028683
1416,SC6,2023-12-06,30624.857841698715
1417,SC6,2023-12-07,30747.811062368746
1418,SC6,2023-12-08,30870.764283038778
1419,SC6,2023-12-09,30993.71750370881
1420,SC6,2023-12-10,31116.67072437884
1421,SC6,2023-12-11,31239.623945048872
1422,SC6,2023-12-12,31362.577165718903
1423,SC6,2023-12-13,31485.530386388935
1424,SC6,2023-12-14,31608.483607058966
1425,SC6,2023-12-15,31731.436827728998
1426,SC6,2023-12-16,31854.39004839903
1427,SC6,2023-12-17,31977.34326906906
1428,SC6,2023-12-18,32100.296489739092
1429,SC6,2023-12-19,32223.249710409124
1430,SC6,2023-12-20,32346.202931079155
1431,SC6,2023-12-21,32469.156151749186
1432,SC6,2023-12-22,32592.109372419218
1433,SC6,2023-12-23,32715.06259308925
1434,SC6,2023-12-24,32838.01581375928
1435,SC6,2023-12-25,32960.96903442931
1436,SC6,2023-12-26,33083.92225509934
1437,SC6,2023-12-27,33206.875475769375
1438,SC6,2023-12-28,33329.82869643941
1439,SC6,2023-12-29,33452.78191710944
1440,SC24,2023-11-30,3812.7910116209882
1441,SC24,2023-12-01,5015.52452479596
1442,SC24,2023-12-02,5862.766945708092
1443,SC24,2023-12-03,6239.101810464446
1444,SC24,2023-12-04,6341.896014786341
1445,SC24,2023-12-05,6357.045526416957
1446,SC24,2023-12-06,6426.159470890638
1447,SC24,2023-12-07,6508.844571289452
1448,SC24,2023-12-08,6541.187607996118
1449,SC24,2023-12-09,6426.3364652848895
1450,SC24,2023-12-10,6171.577444103027
1451,SC24,2023-12-11,6417.671141621646
1452,SC24,2023-12-12,6465.551272212599
1453,SC24,2023-12-13,6566.7850376329
1454,SC24,2023-12-14,6618.093970729449
1455,SC24,2023-12-15,6613.801426133055
1456,SC24,2023-12-16,6526.424234787898
1457,SC24,2023-12-17,6530.4386868801685
1458,SC24,2023-12-18,6518.715960971433
1459,SC24,2023-12-19,6470.349741930835
1460,SC24,2023-12-20,6366.069461931605
1461,SC24,2023-12-21,6316.128765137532
1462,SC24,2023-12-22,6292.211748456181
1463,SC24,2023-12-23,6280.757689469086
1464,SC24,2023-12-24,6275.272244982935
1465,SC24,2023-12-25,6272.64521981705
1466,SC24,2023-12-26,6271.387115530401
1467,SC24,2023-12-27,6270.784598882812
1468,SC24,2023-12-28,6270.496048629487
1469,SC24,2023-12-29,6270.357859503879
1470,SC68,2023-11-30,1355.413849765028
1471,SC68,2023-12-01,1548.359070236543
1472,SC68,2023-12-02,1491.3234068872343
1473,SC68,2023-12-03,1517.4977622764509
1474,SC68,2023-12-04,1510.8267503352063
1475,SC68,2023-12-05,1521.0854897743598
1476,SC68,2023-12-06,1520.0428860866862
1477,SC68,2023-12-07,1527.8252636486052
1478,SC68,2023-12-08,1528.2244784159993
1479,SC68,2023-12-09,1534.962106835151
1480,SC68,2023-12-10,1536.208741890098
1481,SC68,2023-12-11,1542.227026814046
1482,SC68,2023-12-12,1544.0943942360595
1483,SC68,2023-12-13,1549.573986826295
1484,SC68,2023-12-14,1551.9097565547966
1485,SC68,2023-12-15,1556.9817972687
1486,SC68,2023-12-16,1559.672252569173
1487,SC68,2023-12-17,1564.435593089878
1488,SC68,2023-12-18,1567.394732118445
1489,SC68,2023-12-19,1571.9242160657886
1490,SC68,2023-12-20,1575.0868994517957
1491,SC68,2023-12-21,1579.4392220483123
1492,SC68,2023-12-22,1582.756103541949
1493,SC68,2023-12-23,1586.9742148165278
1494,SC68,2023-12-24,1590.4079114897017
1495,SC68,2023-12-25,1594.5243488805097
1496,SC68,2023-12-26,1598.0465407195293
1497,SC68,2023-12-27,1602.0859534694046
1498,SC68,2023-12-28,1605.6751862055974
1499,SC68,2023-12-29,1609.6562477338357
1500,SC31,2023-11-30,11825.276396988253
1501,SC31,2023-12-01,11893.195888775646
1502,SC31,2023-12-02,11941.798927925847
1503,SC31,2023-12-03,11982.834142879605
1504,SC31,2023-12-04,12020.904426117173
1505,SC31,2023-12-05,12057.81310466448
1506,SC31,2023-12-06,12094.266688259997
1507,SC31,2023-12-07,12130.541974180858
1508,SC31,2023-12-08,12166.747406413686
1509,SC31,2023-12-09,12202.925471280441
1510,SC31,2023-12-10,12239.092814125974
1511,SC31,2023-12-11,12275.255956284496
1512,SC31,2023-12-12,12311.417452692562
1513,SC31,2023-12-13,12347.578304326435
1514,SC31,2023-12-14,12383.73890334986
1515,SC31,2023-12-15,12419.899403405247
1516,SC31,2023-12-16,12456.05986468681
1517,SC31,2023-12-17,12492.220310777515
1518,SC31,2023-12-18,12528.380750916727
1519,SC31,2023-12-19,12564.541188724255
1520,SC31,2023-12-20,12600.701625618274
1521,SC31,2023-12-21,12636.862062154396
1522,SC31,2023-12-22,12673.022498550301
1523,SC31,2023-12-23,12709.182934891272
1524,SC31,2023-12-24,12745.343371210722
1525,SC31,2023-12-25,12781.503807521738
1526,SC31,2023-12-26,12817.664243829451
1527,SC31,2023-12-27,12853.82468013587
1528,SC31,2023-12-28,12889.985116441781
1529,SC31,2023-12-29,12926.145552747494
1530,SC61,2023-11-30,729.8698422562119
1531,SC61,2023-12-01,798.3616727235665
1532,SC61,2023-12-02,842.1282534346865
1533,SC61,2023-12-03,870.0952908765604
1534,SC61,2023-12-04,887.9663507255755
1535,SC61,2023-12-05,899.3860365178537
1536,SC61,2023-12-06,906.6832659321208
1537,SC61,2023-12-07,911.3462276013859
1538,SC61,2023-12-08,914.3258806031847
1539,SC61,2023-12-09,916.2298919678177
1540,SC61,2023-12-10,917.4465635985288
1541,SC61,2023-12-11,918.224022118196
1542,SC61,2023-12-12,918.7208215294306
1543,SC61,2023-12-13,919.0382785367945
1544,SC61,2023-12-14,919.2411349598202
1545,SC61,2023-12-15,919.3707611057496
1546,SC61,2023-12-16,919.4535927827449
1547,SC61,2023-12-17,919.5065225884154
1548,SC61,2023-12-18,919.5403449668814
1549,SC61,2023-12-19,919.561957615381
1550,SC61,2023-12-20,919.5757681927663
1551,SC61,2023-12-21,919.5845932124172
1552,SC61,2023-12-22,919.5902324387628
1553,SC61,2023-12-23,919.5938359291837
1554,SC61,2023-12-24,919.5961385754011
1555,SC61,2023-12-25,919.5976099764549
1556,SC61,2023-12-26,919.5985502081955
1557,SC61,2023-12-27,919.5991510204104
1558,SC61,2023-12-28,919.5995349420565
1559,SC61,2023-12-29,919.5997802696758
1560,SC4,2023-11-30,22357.663727718602
1561,SC4,2023-12-01,21886.585659360422
1562,SC4,2023-12-02,22654.35722473076
1563,SC4,2023-12-03,22090.595773188197
1564,SC4,2023-12-04,22769.319677645166
1565,SC4,2023-12-05,22241.25932926415
1566,SC4,2023-12-06,22871.595926284575
1567,SC4,2023-12-07,22386.171167445762
1568,SC4,2023-12-08,22974.369348733177
1569,SC4,2023-12-09,22529.19108365878
1570,SC4,2023-12-10,23078.567160769617
1571,SC4,2023-12-11,22670.72887231844
1572,SC4,2023-12-12,23184.160246400934
1573,SC4,2023-12-13,22810.915027310682
1574,SC4,2023-12-14,23291.05175693383
1575,SC4,2023-12-15,22949.850824263376
1576,SC4,2023-12-16,23399.146481612624
1577,SC4,2023-12-17,23087.62853332082
1578,SC4,2023-12-18,23508.355793017236
1579,SC4,2023-12-19,23224.333503893613
1580,SC4,2023-12-20,23618.597560597133
1581,SC4,2023-12-21,23360.04478647595
1582,SC4,2023-12-22,23729.79570329039
1583,SC4,2023-12-23,23494.835605610486
1584,SC4,2023-12-24,23841.87974620786
1585,SC4,2023-12-25,23628.773789892864
1586,SC4,2023-12-26,23954.78440771075
1587,SC4,2023-12-27,23761.92216965147
1588,SC4,2023-12-28,24068.44921673734
1589,SC4,2023-12-29,23894.338945272044
1590,SC25,2023-11-30,47165.03916084723
1591,SC25,2023-12-01,47527.5328284113
1592,SC25,2023-12-02,47294.83183986339
1593,SC25,2023-12-03,47451.035806170024
1594,SC25,2023-12-04,47473.50026561309
1595,SC25,2023-12-05,47734.4522282691
1596,SC25,2023-12-06,47840.99560139954
1597,SC25,2023-12-07,47944.187389332896
1598,SC25,2023-12-08,48009.54388097133
1599,SC25,2023-12-09,48376.151670740684
1600,SC25,2023-12-10,48729.53149792334
1601,SC25,2023-12-11,48766.973883331884
1602,SC25,2023-12-12,49058.15059791856
1603,SC25,2023-12-13,49045.55833897613
1604,SC25,2023-12-14,49176.77503221053
1605,SC25,2023-12-15,49240.520115080224
1606,SC25,2023-12-16,49588.62047956415
1607,SC25,2023-12-17,49909.24365732619
1608,SC25,2023-12-18,50097.88356739416
1609,SC25,2023-12-19,50313.97186263736
1610,SC25,2023-12-20,50530.911769184386
1611,SC25,2023-12-21,50742.90276449547
1612,SC25,2023-12-22,50951.20595812363
1613,SC25,2023-12-23,51157.29164039057
1614,SC25,2023-12-24,51362.11156279006
1615,SC25,2023-12-25,51566.21967733263
1616,SC25,2023-12-26,51769.929281939425
1617,SC25,2023-12-27,51973.41607904083
1618,SC25,2023-12-28,52176.77835516457
1619,SC25,2023-12-29,52380.071048617065
1620,SC47,2023-11-30,45025.211368488286
1621,SC47,2023-12-01,45518.62463909303
1622,SC47,2023-12-02,45745.52624974902
1623,SC47,2023-12-03,45838.02396881435
1624,SC47,2023-12-04,45872.324141369056
1625,SC47,2023-12-05,45883.93795588063
1626,SC47,2023-12-06,45887.47602453058
1627,SC47,2023-12-07,45888.399847953275
1628,SC47,2023-12-08,45888.57419424519
1629,SC47,2023-12-09,45888.57322250215
1630,SC47,2023-12-10,45888.54948668183
1631,SC47,2023-12-11,45888.53311220595
1632,SC47,2023-12-12,45888.52486684114
1633,SC47,2023-12-13,45888.52129981241
1634,SC47,2023-12-14,45888.51991032034
1635,SC47,2023-12-15,45888.51941603512
1636,SC47,2023-12-16,45888.519256152606
1637,SC47,2023-12-17,45888.51921036716
1638,SC47,2023-12-18,45888.51919968063
1639,SC47,2023-12-19,45888.5191983064
1640,SC47,2023-12-20,45888.5191987644
1641,SC47,2023-12-21,45888.51919926461
1642,SC47,2023-12-22,45888.51919955181
1643,SC47,2023-12-23,45888.51919968533
1644,SC47,2023-12-24,45888.51919974018
1645,SC47,2023-12-25,45888.51919976065
1646,SC47,2023-12-26,45888.51919976764
1647,SC47,2023-12-27,45888.519199769784
1648,SC47,2023-12-28,45888.51919977035
1649,SC47,2023-12-29,45888.51919977047
1650,SC48,2023-11-30,755.1992469130789
1651,SC48,2023-12-01,790.2408579052292
1652,SC48,2023-12-02,790.2408579052292
1653,SC48,2023-12-03,790.2408579052292
1654,SC48,2023-12-04,790.2408579052292
1655,SC48,2023-12-05,790.2408579052292
1656,SC48,2023-12-06,790.2408579052292
1657,SC48,2023-12-07,790.2408579052292
1658,SC48,2023-12-08,790.2408579052292
1659,SC48,2023-12-09,790.2408579052292
1660,SC48,2023-12-10,790.2408579052292
1661,SC48,2023-12-11,790.2408579052292
1662,SC48,2023-12-12,790.2408579052292
1663,SC48,2023-12-13,790.2408579052292
1664,SC48,2023-12-14,790.2408579052292
1665,SC48,2023-12-15,790.2408579052292
1666,SC48,2023-12-16,790.2408579052292
1667,SC48,2023-12-17,790.2408579052292
1668,SC48,2023-12-18,790.2408579052292
1669,SC48,2023-12-19,790.2408579052292
1670,SC48,2023-12-20,790.2408579052292
1671,SC48,2023-12-21,790.2408579052292
1672,SC48,2023-12-22,790.2408579052292
1673,SC48,2023-12-23,790.2408579052292
1674,SC48,2023-12-24,790.2408579052292
1675,SC48,2023-12-25,790.2408579052292
1676,SC48,2023-12-26,790.2408579052292
1677,SC48,2023-12-27,790.2408579052292
1678,SC48,2023-12-28,790.2408579052292
1679,SC48,2023-12-29,790.2408579052292
1680,SC53,2023-11-30,32766.413223140495
1681,SC53,2023-12-01,32814.82644628099
1682,SC53,2023-12-02,32863.239669421484
1683,SC53,2023-12-03,32911.65289256198
1684,SC53,2023-12-04,32960.06611570247
1685,SC53,2023-12-05,33008.47933884297
1686,SC53,2023-12-06,33056.89256198346
1687,SC53,2023-12-07,33105.30578512396
1688,SC53,2023-12-08,33153.71900826445
1689,SC53,2023-12-09,33202.13223140495
1690,SC53,2023-12-10,33250.54545454544
1691,SC53,2023-12-11,33298.958677685936
1692,SC53,2023-12-12,33347.37190082643
1693,SC53,2023-12-13,33395.785123966925
1694,SC53,2023-12-14,33444.19834710742
1695,SC53,2023-12-15,33492.611570247915
1696,SC53,2023-12-16,33541.02479338841
1697,SC53,2023-12-17,33589.438016528904
1698,SC53,2023-12-18,33637.8512396694
1699,SC53,2023-12-19,33686.26446280989
1700,SC53,2023-12-20,33734.67768595039
1701,SC53,2023-12-21,33783.09090909088
1702,SC53,2023-12-22,33831.50413223138
1703,SC53,2023-12-23,33879.91735537187
1704,SC53,2023-12-24,33928.33057851237
1705,SC53,2023-12-25,33976.74380165286
1706,SC53,2023-12-26,34025.157024793356
1707,SC53,2023-12-27,34073.57024793385
1708,SC53,2023-12-28,34121.983471074345
1709,SC53,2023-12-29,34170.39669421484
